Workbook

Sheet Controls
K1: 19 | AI1: =SUM(AB3:AB47) -> 0 | BA1: Modbus RTU
A2: № | B2: reserved1 | C2: Категория (group) | D2: Уровень доступа на запись, не менее (authLevel) | E2: NodeName (рус) | F2: FullDescription (Описание параметра для пояснения в ПО ЮНИТ Сервис) | G2: ShortDescription | H2: AppliedDescription | I2: Note (Справочная информация) | J2: Длина | K2: ShortDescription (лимит длины) | L2: Name GEB | M2: type | N2: read-only UNITService | O2: Command UNITService | P2: maxSize | Q2: ConvertingFlag | R2: ConvertingBasis | S2: units | T2: minValue | U2: maxValue | V2: step | W2: multiplayer | X2: TransfCoef | Y2: DefaultValue | Z2: EventReg | AA2: Значение в архиве | AB2: OperEventReg | AC2: 103_ASDU_read | AD2: 103_ASDU_write | AE2: 103_GI | AF2: 103_InformationInstanceNumber | AG2: 103_FUN | AH2: 103_INF | AI2: 103_INF_InstShift | AJ2: 61850_TypeLN | AK2: 61850_DataObjectName | AL2: 61850_CommonDataClass | AM2: 61850_AttributeName | AN2: 61850_AttributeType | AO2: 61850_EnumDAType | AP2: 61850_FC | AQ2: 61850_Reference | AR2: 61850_PresCond | AS2: DigitalInput | AT2: DigitalOutput | AU2: FunctionalButton | AV2: LED | AW2: Logger | AX2: Disturber | AY2: StartDisturber | BA2: Функция чтение1 | BB2: Адрес регистра 1 DEC(слово) | BC2: Адрес регистра 1 HEX (слово) | BD2: Адрес регистра 2 DEC (бит) | BE2: Адрес регистра 2 HEX (бит) | BF2: Функция запись | BG2: Регистр на запись HEX | BH2: Примечание
C3: control | F3: Вывод терминала | G3: Вывод терминала | H3: Вывод терминала | J3: =LEN(G3) -> 15 | K3: =IF(LEN(G3)<=$K$1,G3,"") -> Вывод терминала | L3: Ctrl_Off | M3: BOOL | N3: true | O3: false | S3: null | T3: null | U3: null | V3: null | Y3: null | Z3: 0 | AB3: 0 | AG3: 0 | AH3: 0 | AI3: 0 | AS3: 0 | AT3: 0 | AU3: 1 | AV3: 0 | AW3: 1 | AX3: 1 | AY3: 1 | BH3: =CONCATENATE("description: """,G3,"""", ", ", "note: """,F3,"""",", ","group: """, C3, """",", ","minValue: ", T3,", ","maxValue: ", U3,", ","step: ", V3,", ","units: """, S3, """",", ","defaultValue: ", Y3,", ","eventRegistration: ", Z3,) -> description: "Вывод терминала", note: "Вывод терминала", group: "control", minValue: null, maxValue: null, step: null, units: "null", defaultValue: null, eventRegistration: 0
C4: measurement | F4: Сигнал «идет переключение» | G4: Переключение | H4: Переключение | J4: =LEN(G4) -> 12 | K4: =IF(LEN(G4)<=$K$1,G4,"") -> Переключение | L4: Translnd | M4: BOOL | N4: true | O4: false | S4: null | T4: null | U4: null | V4: null | Y4: null | Z4: 0 | AB4: 0 | AG4: 0 | AH4: 0 | AI4: 0 | AS4: 0 | AT4: 0 | AU4: 0 | AV4: 0 | AW4: 1 | AX4: 1 | AY4: 1 | BH4: =CONCATENATE("description: """,G4,"""", ", ", "note: """,F4,"""",", ","group: """, C4, """",", ","minValue: ", T4,", ","maxValue: ", U4,", ","step: ", V4,", ","units: """, S4, """",", ","defaultValue: ", Y4,", ","eventRegistration: ", Z4,) -> description: "Переключение", note: "Сигнал «идет переключение»", group: "measurement", minValue: null, maxValue: null, step: null, units: "null", defaultValue: null, eventRegistration: 0
C5: measurement | F5: Команда «прибавить» на привод | G5: Прибавить в привод | H5: Прибавить в привод | J5: =LEN(G5) -> 18 | K5: =IF(LEN(G5)<=$K$1,G5,"") -> Прибавить в привод | L5: TapOpR | M5: BOOL | N5: true | O5: false | S5: null | T5: null | U5: null | V5: null | Y5: null | Z5: 0 | AB5: 0 | AG5: 0 | AH5: 0 | AI5: 0 | AS5: 0 | AT5: 0 | AU5: 0 | AV5: 0 | AW5: 1 | AX5: 1 | AY5: 1 | BH5: =CONCATENATE("description: """,G5,"""", ", ", "note: """,F5,"""",", ","group: """, C5, """",", ","minValue: ", T5,", ","maxValue: ", U5,", ","step: ", V5,", ","units: """, S5, """",", ","defaultValue: ", Y5,", ","eventRegistration: ", Z5,) -> description: "Прибавить в привод", note: "Команда «прибавить» на привод", group: "measurement", minValue: null, maxValue: null, step: null, units: "null", defaultValue: null, eventRegistration: 0
C6: measurement | F6: Команда «убавить» на привод | G6: Убавить в привод | H6: Убавить в привод | J6: =LEN(G6) -> 16 | K6: =IF(LEN(G6)<=$K$1,G6,"") -> Убавить в привод | L6: TapOpL | M6: BOOL | N6: true | O6: false | S6: null | T6: null | U6: null | V6: null | Y6: null | Z6: 0 | AB6: 0 | AG6: 0 | AH6: 0 | AI6: 0 | AS6: 0 | AT6: 0 | AU6: 0 | AV6: 0 | AW6: 1 | AX6: 1 | AY6: 1 | BH6: =CONCATENATE("description: """,G6,"""", ", ", "note: """,F6,"""",", ","group: """, C6, """",", ","minValue: ", T6,", ","maxValue: ", U6,", ","step: ", V6,", ","units: """, S6, """",", ","defaultValue: ", Y6,", ","eventRegistration: ", Z6,) -> description: "Убавить в привод", note: "Команда «убавить» на привод", group: "measurement", minValue: null, maxValue: null, step: null, units: "null", defaultValue: null, eventRegistration: 0
B7: button | C7: control | F7: Команда сброса счетчика положений РПН на значение по умолчанию | G7: Сброс Сч.Полож. | H7: Сброс Сч.Полож. | J7: =LEN(G7) -> 15 | K7: =IF(LEN(G7)<=$K$1,G7,"") -> Сброс Сч.Полож. | L7: Ctrl_TapPosRs | M7: BOOL | N7: true | O7: false | S7: null | T7: null | U7: null | V7: null | Y7: null | Z7: 0 | AB7: 0 | AG7: 0 | AH7: 0 | AI7: 0 | AS7: 0 | AT7: 0 | AU7: 1 | AV7: 0 | AW7: 1 | AX7: 1 | AY7: 1 | BH7: =CONCATENATE("description: """,G7,"""", ", ", "note: """,F7,"""",", ","group: """, C7, """",", ","minValue: ", T7,", ","maxValue: ", U7,", ","step: ", V7,", ","units: """, S7, """",", ","defaultValue: ", Y7,", ","eventRegistration: ", Z7,) -> description: "Сброс Сч.Полож.", note: "Команда сброса счетчика положений РПН на значение по умолчанию", group: "control", minValue: null, maxValue: null, step: null, units: "null", defaultValue: null, eventRegistration: 0
C8: measurement | F8: Измеряемая величина тока по интерфейсу 0(4)-20 мА датчика положения РПН | G8: I1ma | H8: I1ma | J8: =LEN(G8) -> 4 | K8: =IF(LEN(G8)<=$K$1,G8,"") -> I1ma | L8: I1ma | M8: FLOAT32 | N8: true | O8: false | S8: мА | T8: null | U8: null | V8: null | Y8: null | Z8: 0 | AB8: 0 | AG8: 0 | AH8: 0 | AI8: 0 | AS8: 0 | AT8: 0 | AU8: 0 | AV8: 0 | AW8: 0 | AX8: 0 | AY8: 0 | BH8: =CONCATENATE("description: """,G8,"""", ", ", "note: """,F8,"""",", ","group: """, C8, """",", ","minValue: ", T8,", ","maxValue: ", U8,", ","step: ", V8,", ","units: """, S8, """",", ","defaultValue: ", Y8,", ","eventRegistration: ", Z8,) -> description: "I1ma", note: "Измеряемая величина тока по интерфейсу 0(4)-20 мА датчика положения РПН", group: "measurement", minValue: null, maxValue: null, step: null, units: "мА", defaultValue: null, eventRegistration: 0
C9: measurement | F9: Текущий номер положения РПН | G9: N положения РПН | H9: N положения РПН | J9: =LEN(G9) -> 15 | K9: =IF(LEN(G9)<=$K$1,G9,"") -> N положения РПН | L9: CI_TapStVal | M9: INT8 | N9: true | O9: false | S9: null | T9: null | U9: null | V9: null | Y9: null | Z9: 0 | AB9: 0 | AG9: 0 | AH9: 0 | AI9: 0 | AS9: 0 | AT9: 0 | AU9: 0 | AV9: 0 | AW9: 0 | AX9: =BIN2DEC(CONCATENATE(0,0,0,0,AT9,AU9,AV9,AW9)) -> 0 | AY9: =BIN2DEC(CONCATENATE(0,0,0,0,AU9,AV9,AW9,AX9)) -> 0 | BH9: =CONCATENATE("description: """,G9,"""", ", ", "note: """,F9,"""",", ","group: """, C9, """",", ","minValue: ", T9,", ","maxValue: ", U9,", ","step: ", V9,", ","units: """, S9, """",", ","defaultValue: ", Y9,", ","eventRegistration: ", Z9,) -> description: "N положения РПН", note: "Текущий номер положения РПН", group: "measurement", minValue: null, maxValue: null, step: null, units: "null", defaultValue: null, eventRegistration: 0
C10: measurement | F10: Действие АРНТ на привод РПН | G10: Работа АРНТ | H10: Работа АРНТ | J10: =LEN(G10) -> 11 | K10: =IF(LEN(G10)<=$K$1,G10,"") -> Работа АРНТ | L10: Operate | M10: BOOL | N10: true | O10: false | S10: null | T10: null | U10: null | V10: null | Y10: null | Z10: 0 | AB10: 0 | AG10: 0 | AH10: 0 | AI10: 0 | AS10: 0 | AT10: 0 | AU10: 0 | AV10: 0 | AW10: 1 | AX10: 1 | AY10: 1 | BH10: =CONCATENATE("description: """,G10,"""", ", ", "note: """,F10,"""",", ","group: """, C10, """",", ","minValue: ", T10,", ","maxValue: ", U10,", ","step: ", V10,", ","units: """, S10, """",", ","defaultValue: ", Y10,", ","eventRegistration: ", Z10,) -> description: "Работа АРНТ", note: "Действие АРНТ на привод РПН", group: "measurement", minValue: null, maxValue: null, step: null, units: "null", defaultValue: null, eventRegistration: 0
C11: input | F11: Сигнал с привода «крайнее верхнее положение» | G11: Верхнее полож. РПН | H11: Верхнее полож. РПН | J11: =LEN(G11) -> 18 | K11: =IF(LEN(G11)<=$K$1,G11,"") -> Верхнее полож. РПН | L11: BI_EndPosR | M11: BOOL | N11: true | O11: false | S11: null | T11: null | U11: null | V11: null | Y11: null | Z11: 0 | AB11: 0 | AG11: 0 | AH11: 0 | AI11: 0 | AS11: 0 | AT11: 0 | AU11: 0 | AV11: 0 | AW11: 1 | AX11: 1 | AY11: 1 | BH11: =CONCATENATE("description: """,G11,"""", ", ", "note: """,F11,"""",", ","group: """, C11, """",", ","minValue: ", T11,", ","maxValue: ", U11,", ","step: ", V11,", ","units: """, S11, """",", ","defaultValue: ", Y11,", ","eventRegistration: ", Z11,) -> description: "Верхнее полож. РПН", note: "Сигнал с привода «крайнее верхнее положение»", group: "input", minValue: null, maxValue: null, step: null, units: "null", defaultValue: null, eventRegistration: 0
C12: input | F12: Сигнал с привода «крайнее нижнее положение» | G12: Нижнее полож. РПН | H12: Нижнее полож. РПН | J12: =LEN(G12) -> 17 | K12: =IF(LEN(G12)<=$K$1,G12,"") -> Нижнее полож. РПН | L12: BI_EndPosL | M12: BOOL | N12: true | O12: false | S12: null | T12: null | U12: null | V12: null | Y12: null | Z12: 0 | AB12: 0 | AG12: 0 | AH12: 0 | AI12: 0 | AS12: 0 | AT12: 0 | AU12: 0 | AV12: 0 | AW12: 1 | AX12: 1 | AY12: 1 | BH12: =CONCATENATE("description: """,G12,"""", ", ", "note: """,F12,"""",", ","group: """, C12, """",", ","minValue: ", T12,", ","maxValue: ", U12,", ","step: ", V12,", ","units: """, S12, """",", ","defaultValue: ", Y12,", ","eventRegistration: ", Z12,) -> description: "Нижнее полож. РПН", note: "Сигнал с привода «крайнее нижнее положение»", group: "input", minValue: null, maxValue: null, step: null, units: "null", defaultValue: null, eventRegistration: 0

Sheet Status information
J1: 19 | AH1: =SUM(AA3:AA65) -> 0 | AZ1: Modbus RTU
A2: № | B2: Категория (group) | C2: Уровень доступа на запись, не менее (authLevel) | D2: NodeName (рус) | E2: FullDescription (Описание параметра для пояснения в ПО ЮНИТ Сервис) | F2: ShortDescription | G2: AppliedDescription | H2: Note (Справочная информация) | I2: Длина | J2: ShortDescription (лимит длины) | K2: Name GEB | L2: type | M2: read-only UNITService | N2: Command UNITService | O2: maxSize | P2: ConvertingFlag | Q2: ConvertingBasis | R2: units | S2: minValue | T2: maxValue | U2: step | V2: multiplayer | W2: TransfCoef | X2: DefaultValue | Y2: EventReg | Z2: Значение в архиве | AA2: OperEventReg | AB2: 103_ASDU_read | AC2: 103_ASDU_write | AD2: 103_GI | AE2: 103_InformationInstanceNumber | AF2: 103_FUN | AG2: 103_INF | AH2: 103_INF_InstShift | AI2: 61850_TypeLN | AJ2: 61850_DataObjectName | AK2: 61850_CommonDataClass | AL2: 61850_AttributeName | AM2: 61850_AttributeType | AN2: 61850_EnumDAType | AO2: 61850_FC | AP2: 61850_Reference | AQ2: 61850_PresCond | AR2: DigitalInput | AS2: DigitalOutput | AT2: FunctionalButton | AU2: LED | AV2: Logger | AW2: Disturber | AX2: StartDisturber | AZ2: Функция чтение1 | BA2: Адрес регистра 1 DEC(слово) | BB2: Адрес регистра 1 HEX (слово) | BC2: Адрес регистра 2 DEC (бит) | BD2: Адрес регистра 2 HEX (бит) | BE2: Функция запись | BF2: Регистр на запись HEX | BG2: Примечание
B3: status | D3: АРН | E3: Текущий номер положения РПН | F3: N полож | G3: N полож | I3: =LEN(F3) -> 7 | J3: =IF(LEN(F3)<=$J$1,F3,"") -> N полож | K3: TapPos | L3: INT8 | M3: true | N3: false | R3: null | S3: null | T3: null | U3: null | X3: null | Y3: 2 | AA3: 0 | AF3: 0 | AG3: 0 | AH3: 0 | AI3: ATCC | AJ3: ATCC1.TapPos | AK3: ISC | AL3: valWTr.posVal | AM3: INT8 | AO3: ST | AP3: =CONCATENATE( AJ3, ".", AL3) -> ATCC1.TapPos.valWTr.posVal | AQ3: M | AR3: 0 | AS3: 0 | AT3: 0 | AU3: 0 | AV3: =BIN2DEC(CONCATENATE(0,0,0,0,AR3,AS3,AT3,AU3)) -> 0 | AW3: 0 | AX3: 0 | BG3: =CONCATENATE("description: """,F3,"""", ", ", "note: """,E3,"""",", ","group: """, B3, """",", ","minValue: ", S3,", ","maxValue: ", T3,", ","step: ", U3,", ","units: """, R3, """",", ","defaultValue: ", X3,", ","eventRegistration: ", Y3,) -> description: "N полож", note: "Текущий номер положения РПН", group: "status", minValue: null, maxValue: null, step: null, units: "null", defaultValue: null, eventRegistration: 2
B4: status | D4: АРН | E4: Ошибка определения положения РПН | F4: Ошибка определения | G4: Ошибка определения | I4: =LEN(F4) -> 18 | J4: =IF(LEN(F4)<=$J$1,F4,"") -> Ошибка определения | K4: TapOpErr | L4: BOOL | M4: true | N4: false | R4: null | S4: null | T4: null | U4: null | X4: null | Y4: 2 | AA4: 0 | AF4: 0 | AG4: 0 | AH4: 0 | AI4: ATCC | AJ4: ATCC1.TapOpErr | AK4: SPS | AL4: stVal | AM4: BOOLEAN | AO4: ST | AP4: =CONCATENATE( AJ4, ".", AL4) -> ATCC1.TapOpErr.stVal | AQ4: M | AR4: 0 | AS4: 1 | AT4: 0 | AU4: 1 | AV4: 1 | AW4: 1 | AX4: 1 | BG4: =CONCATENATE("description: """,F4,"""", ", ", "note: """,E4,"""",", ","group: """, B4, """",", ","minValue: ", S4,", ","maxValue: ", T4,", ","step: ", U4,", ","units: """, R4, """",", ","defaultValue: ", X4,", ","eventRegistration: ", Y4,) -> description: "Ошибка определения", note: "Ошибка определения положения РПН", group: "status", minValue: null, maxValue: null, step: null, units: "null", defaultValue: null, eventRegistration: 2
B5: status | D5: Привод РПН | E5: Крайнее верхнее положение РПН | F5: Крайн.верх.полож. | G5: Крайн.верх.полож. | I5: =LEN(F5) -> 17 | J5: =IF(LEN(F5)<=$J$1,F5,"") -> Крайн.верх.полож. | K5: EndPosR | L5: BOOL | M5: true | N5: false | R5: null | S5: null | T5: null | U5: null | X5: null | Y5: 2 | AA5: 0 | AF5: 0 | AG5: 0 | AH5: 0 | AI5: YLTC | AJ5: YLTC1.EndPosR | AK5: SPS | AL5: stVal | AM5: BOOLEAN | AO5: ST | AP5: =CONCATENATE( AJ5, ".", AL5) -> YLTC1.EndPosR.stVal | AQ5: M | AR5: 0 | AS5: 1 | AT5: 0 | AU5: 1 | AV5: 1 | AW5: 1 | AX5: 1 | BG5: =CONCATENATE("description: """,F5,"""", ", ", "note: """,E5,"""",", ","group: """, B5, """",", ","minValue: ", S5,", ","maxValue: ", T5,", ","step: ", U5,", ","units: """, R5, """",", ","defaultValue: ", X5,", ","eventRegistration: ", Y5,) -> description: "Крайн.верх.полож.", note: "Крайнее верхнее положение РПН", group: "status", minValue: null, maxValue: null, step: null, units: "null", defaultValue: null, eventRegistration: 2
B6: status | D6: Привод РПН | E6: Крайнее нижнее положение РПН | F6: Крайн.нижн.полож. | G6: Крайн.нижн.полож. | I6: =LEN(F6) -> 17 | J6: =IF(LEN(F6)<=$J$1,F6,"") -> Крайн.нижн.полож. | K6: EndPosL | L6: BOOL | M6: true | N6: false | R6: null | S6: null | T6: null | U6: null | X6: null | Y6: 2 | AA6: 0 | AF6: 0 | AG6: 0 | AH6: 0 | AI6: YLTC | AJ6: YLTC1.EndPosL | AK6: SPS | AL6: stVal | AM6: BOOLEAN | AO6: ST | AP6: =CONCATENATE( AJ6, ".", AL6) -> YLTC1.EndPosL.stVal | AQ6: M | AR6: 0 | AS6: 1 | AT6: 0 | AU6: 1 | AV6: 1 | AW6: 1 | AX6: 1 | BG6: =CONCATENATE("description: """,F6,"""", ", ", "note: """,E6,"""",", ","group: """, B6, """",", ","minValue: ", S6,", ","maxValue: ", T6,", ","step: ", U6,", ","units: """, R6, """",", ","defaultValue: ", X6,", ","eventRegistration: ", Y6,) -> description: "Крайн.нижн.полож.", note: "Крайнее нижнее положение РПН", group: "status", minValue: null, maxValue: null, step: null, units: "null", defaultValue: null, eventRegistration: 2
B7: status | D7: АРН | E7: Мертвое положение | F7: Мертвое положение | G7: Мертвое положение | I7: =LEN(F7) -> 17 | J7: =IF(LEN(F7)<=$J$1,F7,"") -> Мертвое положение | K7: TapDead | L7: BOOL | M7: true | N7: false | R7: null | S7: null | T7: null | U7: null | X7: null | Y7: 2 | AA7: 0 | AF7: 0 | AG7: 0 | AH7: 0 | AR7: 0 | AS7: 1 | AT7: 0 | AU7: 1 | AV7: 1 | AW7: 1 | AX7: 1 | BG7: =CONCATENATE("description: """,F7,"""", ", ", "note: """,E7,"""",", ","group: """, B7, """",", ","minValue: ", S7,", ","maxValue: ", T7,", ","step: ", U7,", ","units: """, R7, """",", ","defaultValue: ", X7,", ","eventRegistration: ", Y7,) -> description: "Мертвое положение", note: "Мертвое положение", group: "status", minValue: null, maxValue: null, step: null, units: "null", defaultValue: null, eventRegistration: 2
B8: status | D8: АРН | E8: Блокировка автоматической команды прибавить по верхнему допустимому положению | F8: Блок.Верх.Полож. | G8: Блок.Верх.Полож. | I8: =LEN(F8) -> 16 | J8: =IF(LEN(F8)<=$J$1,F8,"") -> Блок.Верх.Полож. | K8: BlkEndPosR | L8: BOOL | M8: true | N8: false | R8: null | S8: null | T8: null | U8: null | X8: null | Y8: 2 | AA8: 0 | AF8: 0 | AG8: 0 | AH8: 0 | AR8: 0 | AS8: 1 | AT8: 0 | AU8: 1 | AV8: 1 | AW8: 1 | AX8: 1 | BG8: =CONCATENATE("description: """,F8,"""", ", ", "note: """,E8,"""",", ","group: """, B8, """",", ","minValue: ", S8,", ","maxValue: ", T8,", ","step: ", U8,", ","units: """, R8, """",", ","defaultValue: ", X8,", ","eventRegistration: ", Y8,) -> description: "Блок.Верх.Полож.", note: "Блокировка автоматической команды прибавить по верхнему допустимому положению", group: "status", minValue: null, maxValue: null, step: null, units: "null", defaultValue: null, eventRegistration: 2
B9: status | D9: АРН | E9: Блокировка автоматической команды убавить по нижнему допустимому положению | F9: Блок.Нижн.Полож. | G9: Блок.Нижн.Полож. | I9: =LEN(F9) -> 16 | J9: =IF(LEN(F9)<=$J$1,F9,"") -> Блок.Нижн.Полож. | K9: BlkEndPosL | L9: BOOL | M9: true | N9: false | R9: null | S9: null | T9: null | U9: null | X9: null | Y9: 2 | AA9: 0 | AF9: 0 | AG9: 0 | AH9: 0 | AR9: 0 | AS9: 1 | AT9: 0 | AU9: 1 | AV9: 1 | AW9: 1 | AX9: 1 | BG9: =CONCATENATE("description: """,F9,"""", ", ", "note: """,E9,"""",", ","group: """, B9, """",", ","minValue: ", S9,", ","maxValue: ", T9,", ","step: ", U9,", ","units: """, R9, """",", ","defaultValue: ", X9,", ","eventRegistration: ", Y9,) -> description: "Блок.Нижн.Полож.", note: "Блокировка автоматической команды убавить по нижнему допустимому положению", group: "status", minValue: null, maxValue: null, step: null, units: "null", defaultValue: null, eventRegistration: 2

Sheet Settings
J1: 19 | AH1: =SUM(AA4:AA38) -> 0 | AZ1: Modbus RTU
A2: № | B2: Категория (group) | C2: Уровень доступа на запись, не менее (authLevel) | D2: NodeName (рус) | E2: FullDescription (Описание параметра для пояснения в ПО ЮНИТ Сервис) | F2: ShortDescription | G2: AppliedDescription | H2: Note (Справочная информация) | I2: Длина | J2: ShortDescription (лимит длины) | K2: Name GEB | L2: type | M2: read-only UNITService | N2: Command UNITService | O2: maxSize | P2: ConvertingFlag | Q2: ConvertingBasis | R2: units | S2: minValue | T2: maxValue | U2: step | V2: multiplayer | W2: TransfCoef | X2: DefaultValue | Y2: EventReg | Z2: Значение в архиве | AA2: OperEventReg | AB2: 103_ASDU_read | AC2: 103_ASDU_write | AD2: 103_GI | AE2: 103_InformationInstanceNumber | AF2: 103_FUN | AG2: 103_INF | AH2: 103_INF_InstShift | AI2: 61850_TypeLN | AJ2: 61850_DataObjectName | AK2: 61850_CommonDataClass | AL2: 61850_AttributeName | AM2: 61850_AttributeType | AN2: 61850_EnumDAType | AO2: 61850_FC | AP2: 61850_Reference | AQ2: 61850_PresCond | AR2: DigitalInput | AS2: DigitalOutput | AT2: FunctionalButton | AU2: LED | AV2: MappingMask | AW2: Extension_enum | AX2: Extension_enum_HMI | AZ2: Функция чтение1 | BA2: Адрес регистра 1 DEC(слово) | BB2: Адрес регистра 1 HEX (слово) | BC2: Адрес регистра 2 DEC (бит) | BD2: Адрес регистра 2 HEX (бит) | BE2: Функция запись | BF2: Регистр на запись HEX | BG2: Примечание
B3: setting | D3: АРН | E3: Направление счета положений | F3: НапрСчN | G3: НапрСчN | H3: 0 – Прямо, 1 – Обратно | I3: =LEN(F3) -> 7 | J3: =IF(LEN(F3)<=Controls!$K$1,F3,"") -> НапрСчN | K3: ATCC1_RevCalc | L3: BOOL | M3: false | N3: false | R3: null | S3: 0 | T3: 1 | U3: 1 | X3: 0 | Y3: 0 | AA3: 0 | AF3: 0 | AG3: 0 | AH3: 0 | AR3: 0 | AS3: 0 | AT3: 0 | AU3: 0 | AV3: =BIN2DEC(CONCATENATE(0,0,0,0,AR3,AS3,AT3,AU3)) -> 0 | AW3: Straight_Reverse1 | BG3: =CONCATENATE("description: """,F3,"""", ", ", "note: """,E3,"""",", ","group: """, B3, """",", ","minValue: ", S3,", ","maxValue: ", T3,", ","step: ", U3,", ","units: """, R3, """",", ","defaultValue: ", X3,", ","eventRegistration: ", Y3,) -> description: "НапрСчN", note: "Направление счета положений", group: "setting", minValue: 0, maxValue: 1, step: 1, units: "null", defaultValue: 0, eventRegistration: 0
B4: setting | D4: АРН | E4: Источник сигнала положения РПН | F4: ТипДатчика | G4: ТипДатчика | H4: 0 – Внутренний счетчик, 1 – Токовая петля 4(0)-20 мА, 2 – GOOSE | I4: =LEN(F4) -> 10 | J4: =IF(LEN(F4)<=Controls!$K$1,F4,"") -> ТипДатчика | K4: ATCC1_TapSensor | L4: INT8 | M4: false | N4: false | R4: null | S4: 0 | T4: 2 | U4: 1 | X4: 0 | Y4: 0 | AA4: 0 | AF4: 0 | AG4: 0 | AH4: 0 | AR4: 0 | AS4: 0 | AT4: 0 | AU4: 0 | AV4: =BIN2DEC(CONCATENATE(0,0,0,0,AR4,AS4,AT4,AU4)) -> 0 | AW4: Control_Inconsistency | BG4: =CONCATENATE("description: """,F4,"""", ", ", "note: """,E4,"""",", ","group: """, B4, """",", ","minValue: ", S4,", ","maxValue: ", T4,", ","step: ", U4,", ","units: """, R4, """",", ","defaultValue: ", X4,", ","eventRegistration: ", Y4,) -> description: "ТипДатчика", note: "Источник сигнала положения РПН", group: "setting", minValue: 0, maxValue: 2, step: 1, units: "null", defaultValue: 0, eventRegistration: 0
B5: setting | D5: Привод РПН | E5: Первоначальное значение счетчика положений РПН | F5: N по умолчанию | G5: N по умолчанию | I5: =LEN(F5) -> 14 | J5: =IF(LEN(F5)<=Controls!$K$1,F5,"") -> N по умолчанию | K5: AVTR1_defaultTapPos | L5: INT8 | M5: false | N5: false | R5: null | S5: 1 | T5: 40 | U5: 1 | X5: 1 | Y5: 0 | AA5: 0 | AF5: 0 | AG5: 0 | AH5: 0 | AR5: 0 | AS5: 0 | AT5: 0 | AU5: 0 | AV5: =BIN2DEC(CONCATENATE(0,0,0,0,AR5,AS5,AT5,AU5)) -> 0 | BG5: =CONCATENATE("description: """,F5,"""", ", ", "note: """,E5,"""",", ","group: """, B5, """",", ","minValue: ", S5,", ","maxValue: ", T5,", ","step: ", U5,", ","units: """, R5, """",", ","defaultValue: ", X5,", ","eventRegistration: ", Y5,) -> description: "N по умолчанию", note: "Первоначальное значение счетчика положений РПН", group: "setting", minValue: 1, maxValue: 40, step: 1, units: "null", defaultValue: 1, eventRegistration: 0
B6: setting | D6: АРН | E6: Сигнал токовой петли, соответствующий конечному положению РПН | F6: IмаМакс | G6: IмаМакс | I6: =LEN(F6) -> 7 | J6: =IF(LEN(F6)<=Controls!$K$1,F6,"") -> IмаМакс | K6: ATCC1_I1ma_max | L6: FLOAT32 | M6: false | N6: false | R6: мА | S6: 5 | T6: 100 | U6: 0.01 | X6: 20 | Y6: 0 | AA6: 0 | AF6: 0 | AG6: 0 | AH6: 0 | AR6: 0 | AS6: 0 | AT6: 0 | AU6: 0 | AV6: =BIN2DEC(CONCATENATE(0,0,0,0,AR6,AS6,AT6,AU6)) -> 0 | BG6: =CONCATENATE("description: """,F6,"""", ", ", "note: """,E6,"""",", ","group: """, B6, """",", ","minValue: ", S6,", ","maxValue: ", T6,", ","step: ", U6,", ","units: """, R6, """",", ","defaultValue: ", X6,", ","eventRegistration: ", Y6,) -> description: "IмаМакс", note: "Сигнал токовой петли, соответствующий конечному положению РПН", group: "setting", minValue: 5, maxValue: 100, step: 0.01, units: "мА", defaultValue: 20, eventRegistration: 0
B7: setting | D7: АРН | E7: Сигнал токовой петли, соответствующий начальному положению РПН | F7: IмаМин | G7: IмаМин | I7: =LEN(F7) -> 6 | J7: =IF(LEN(F7)<=Controls!$K$1,F7,"") -> IмаМин | K7: ATCC1_I1ma_min | L7: FLOAT32 | M7: false | N7: false | R7: мА | S7: 0 | T7: 4 | U7: 0.01 | X7: 4 | Y7: 0 | AA7: 0 | AF7: 0 | AG7: 0 | AH7: 0 | AR7: 0 | AS7: 0 | AT7: 0 | AU7: 0 | AV7: =BIN2DEC(CONCATENATE(0,0,0,0,AR7,AS7,AT7,AU7)) -> 0 | BG7: =CONCATENATE("description: """,F7,"""", ", ", "note: """,E7,"""",", ","group: """, B7, """",", ","minValue: ", S7,", ","maxValue: ", T7,", ","step: ", U7,", ","units: """, R7, """",", ","defaultValue: ", X7,", ","eventRegistration: ", Y7,) -> description: "IмаМин", note: "Сигнал токовой петли, соответствующий начальному положению РПН", group: "setting", minValue: 0, maxValue: 4, step: 0.01, units: "мА", defaultValue: 4, eventRegistration: 0
B8: setting | D8: АРН | E8: Конечное положение РПН | F8: МаксN | G8: МаксN | I8: =LEN(F8) -> 5 | J8: =IF(LEN(F8)<=Controls!$K$1,F8,"") -> МаксN | K8: ATCC1_TapMax | L8: INT8 | M8: false | N8: false | R8: null | S8: 1 | T8: 40 | U8: 1 | X8: 40 | Y8: 0 | AA8: 0 | AF8: 0 | AG8: 0 | AH8: 0 | AI8: ATCC | AJ8: ATCC1.TapChg | AK8: BSC | AL8: maxVal | AM8: INT8 | AO8: CF | AP8: =CONCATENATE( AJ8, ".", AL8) -> ATCC1.TapChg.maxVal | AQ8: M | AR8: 0 | AS8: 0 | AT8: 0 | AU8: 0 | AV8: =BIN2DEC(CONCATENATE(0,0,0,0,AR8,AS8,AT8,AU8)) -> 0 | BG8: =CONCATENATE("description: """,F8,"""", ", ", "note: """,E8,"""",", ","group: """, B8, """",", ","minValue: ", S8,", ","maxValue: ", T8,", ","step: ", U8,", ","units: """, R8, """",", ","defaultValue: ", X8,", ","eventRegistration: ", Y8,) -> description: "МаксN", note: "Конечное положение РПН", group: "setting", minValue: 1, maxValue: 40, step: 1, units: "null", defaultValue: 40, eventRegistration: 0
B9: setting | D9: АРН | E9: Начальное положение РПН | F9: МинN | G9: МинN | I9: =LEN(F9) -> 4 | J9: =IF(LEN(F9)<=Controls!$K$1,F9,"") -> МинN | K9: ATCC1_TapMin | L9: INT8 | M9: false | N9: false | R9: null | S9: 1 | T9: 40 | U9: 1 | X9: 1 | Y9: 0 | AA9: 0 | AF9: 0 | AG9: 0 | AH9: 0 | AI9: ATCC | AJ9: ATCC1.TapChg | AK9: BSC | AL9: minVal | AM9: INT8 | AO9: CF | AP9: =CONCATENATE( AJ9, ".", AL9) -> ATCC1.TapChg.minVal | AQ9: M | AR9: 0 | AS9: 0 | AT9: 0 | AU9: 0 | AV9: =BIN2DEC(CONCATENATE(0,0,0,0,AR9,AS9,AT9,AU9)) -> 0 | BG9: =CONCATENATE("description: """,F9,"""", ", ", "note: """,E9,"""",", ","group: """, B9, """",", ","minValue: ", S9,", ","maxValue: ", T9,", ","step: ", U9,", ","units: """, R9, """",", ","defaultValue: ", X9,", ","eventRegistration: ", Y9,) -> description: "МинN", note: "Начальное положение РПН", group: "setting", minValue: 1, maxValue: 40, step: 1, units: "null", defaultValue: 1, eventRegistration: 0
B10: setting | D10: АРН | E10: Номер пропускаемого положения 1 | F10: Мертвое положение 1 | G10: Мертвое положение 1 | I10: =LEN(F10) -> 19 | J10: =IF(LEN(F10)<=Controls!$K$1,F10,"") -> Мертвое положение 1 | K10: ATCC1_TapDead1 | L10: INT32 | M10: false | N10: false | R10: null | S10: 0 | T10: 40 | U10: 1 | X10: 0 | Y10: 0 | AA10: 0 | AF10: 0 | AG10: 0 | AH10: 0 | AR10: 0 | AS10: 0 | AT10: 0 | AU10: 0 | AV10: =BIN2DEC(CONCATENATE(0,0,0,0,AR10,AS10,AT10,AU10)) -> 0 | BG10: =CONCATENATE("description: """,F10,"""", ", ", "note: """,E10,"""",", ","group: """, B10, """",", ","minValue: ", S10,", ","maxValue: ", T10,", ","step: ", U10,", ","units: """, R10, """",", ","defaultValue: ", X10,", ","eventRegistration: ", Y10,) -> description: "Мертвое положение 1", note: "Номер пропускаемого положения 1", group: "setting", minValue: 0, maxValue: 40, step: 1, units: "null", defaultValue: 0, eventRegistration: 0
B11: setting | D11: АРН | E11: Номер пропускаемого положения 2 | F11: Мертвое положение 2 | G11: Мертвое положение 2 | I11: =LEN(F11) -> 19 | J11: =IF(LEN(F11)<=Controls!$K$1,F11,"") -> Мертвое положение 2 | K11: ATCC1_TapDead2 | L11: INT32 | M11: false | N11: false | R11: null | S11: 0 | T11: 40 | U11: 1 | X11: 0 | Y11: 0 | AA11: 0 | AF11: 0 | AG11: 0 | AH11: 0 | AR11: 0 | AS11: 0 | AT11: 0 | AU11: 0 | AV11: =BIN2DEC(CONCATENATE(0,0,0,0,AR11,AS11,AT11,AU11)) -> 0 | BG11: =CONCATENATE("description: """,F11,"""", ", ", "note: """,E11,"""",", ","group: """, B11, """",", ","minValue: ", S11,", ","maxValue: ", T11,", ","step: ", U11,", ","units: """, R11, """",", ","defaultValue: ", X11,", ","eventRegistration: ", Y11,) -> description: "Мертвое положение 2", note: "Номер пропускаемого положения 2", group: "setting", minValue: 0, maxValue: 40, step: 1, units: "null", defaultValue: 0, eventRegistration: 0
B12: setting | D12: АРН | E12: Номер пропускаемого положения 3 | F12: Мертвое положение 3 | G12: Мертвое положение 3 | I12: =LEN(F12) -> 19 | J12: =IF(LEN(F12)<=Controls!$K$1,F12,"") -> Мертвое положение 3 | K12: ATCC1_TapDead3 | L12: INT32 | M12: false | N12: false | R12: null | S12: 0 | T12: 40 | U12: 1 | X12: 0 | Y12: 0 | AA12: 0 | AF12: 0 | AG12: 0 | AH12: 0 | AR12: 0 | AS12: 0 | AT12: 0 | AU12: 0 | AV12: =BIN2DEC(CONCATENATE(0,0,0,0,AR12,AS12,AT12,AU12)) -> 0 | BG12: =CONCATENATE("description: """,F12,"""", ", ", "note: """,E12,"""",", ","group: """, B12, """",", ","minValue: ", S12,", ","maxValue: ", T12,", ","step: ", U12,", ","units: """, R12, """",", ","defaultValue: ", X12,", ","eventRegistration: ", Y12,) -> description: "Мертвое положение 3", note: "Номер пропускаемого положения 3", group: "setting", minValue: 0, maxValue: 40, step: 1, units: "null", defaultValue: 0, eventRegistration: 0
B13: setting | D13: АРН | E13: Номер пропускаемого положения 4 | F13: Мертвое положение 4 | G13: Мертвое положение 4 | I13: =LEN(F13) -> 19 | J13: =IF(LEN(F13)<=Controls!$K$1,F13,"") -> Мертвое положение 4 | K13: ATCC1_TapDead4 | L13: INT32 | M13: false | N13: false | R13: null | S13: 0 | T13: 40 | U13: 1 | X13: 0 | Y13: 0 | AA13: 0 | AF13: 0 | AG13: 0 | AH13: 0 | AR13: 0 | AS13: 0 | AT13: 0 | AU13: 0 | AV13: =BIN2DEC(CONCATENATE(0,0,0,0,AR13,AS13,AT13,AU13)) -> 0 | BG13: =CONCATENATE("description: """,F13,"""", ", ", "note: """,E13,"""",", ","group: """, B13, """",", ","minValue: ", S13,", ","maxValue: ", T13,", ","step: ", U13,", ","units: """, R13, """",", ","defaultValue: ", X13,", ","eventRegistration: ", Y13,) -> description: "Мертвое положение 4", note: "Номер пропускаемого положения 4", group: "setting", minValue: 0, maxValue: 40, step: 1, units: "null", defaultValue: 0, eventRegistration: 0
B14: setting | D14: АРН | E14: Номер пропускаемого положения 5 | F14: Мертвое положение 5 | G14: Мертвое положение 5 | I14: =LEN(F14) -> 19 | J14: =IF(LEN(F14)<=Controls!$K$1,F14,"") -> Мертвое положение 5 | K14: ATCC1_TapDead5 | L14: INT32 | M14: false | N14: false | R14: null | S14: 0 | T14: 40 | U14: 1 | X14: 0 | Y14: 0 | AA14: 0 | AF14: 0 | AG14: 0 | AH14: 0 | AR14: 0 | AS14: 0 | AT14: 0 | AU14: 0 | AV14: =BIN2DEC(CONCATENATE(0,0,0,0,AR14,AS14,AT14,AU14)) -> 0 | BG14: =CONCATENATE("description: """,F14,"""", ", ", "note: """,E14,"""",", ","group: """, B14, """",", ","minValue: ", S14,", ","maxValue: ", T14,", ","step: ", U14,", ","units: """, R14, """",", ","defaultValue: ", X14,", ","eventRegistration: ", Y14,) -> description: "Мертвое положение 5", note: "Номер пропускаемого положения 5", group: "setting", minValue: 0, maxValue: 40, step: 1, units: "null", defaultValue: 0, eventRegistration: 0
B15: setting | D15: АРН | E15: Положение привода, далее которого блокируются автоматические команды прибавить | F15: БлкВерхN | G15: БлкВерхN | I15: =LEN(F15) -> 8 | J15: =IF(LEN(F15)<=Controls!$K$1,F15,"") -> БлкВерхN | K15: ATCC1_TapBlkR | L15: INT32 | M15: false | N15: false | R15: null | S15: 1 | T15: 40 | U15: 1 | X15: 40 | Y15: 0 | AA15: 0 | AF15: 0 | AG15: 0 | AH15: 0 | AI15: ATCC | AJ15: ATCC1.TapBlkR | AK15: ING | AL15: setVal | AM15: INT32 | AO15: SG | AP15: =CONCATENATE( AJ15, ".", AL15) -> ATCC1.TapBlkR.setVal | AQ15: M | AR15: 0 | AS15: 0 | AT15: 0 | AU15: 0 | AV15: =BIN2DEC(CONCATENATE(0,0,0,0,AR15,AS15,AT15,AU15)) -> 0 | BG15: =CONCATENATE("description: """,F15,"""", ", ", "note: """,E15,"""",", ","group: """, B15, """",", ","minValue: ", S15,", ","maxValue: ", T15,", ","step: ", U15,", ","units: """, R15, """",", ","defaultValue: ", X15,", ","eventRegistration: ", Y15,) -> description: "БлкВерхN", note: "Положение привода, далее которого блокируются автоматические команды прибавить", group: "setting", minValue: 1, maxValue: 40, step: 1, units: "null", defaultValue: 40, eventRegistration: 0
B16: setting | D16: АРН | E16: Положение привода, далее которого блокируются автоматические команды убавить | F16: БлкНижнN | G16: БлкНижнN | I16: =LEN(F16) -> 8 | J16: =IF(LEN(F16)<=Controls!$K$1,F16,"") -> БлкНижнN | K16: ATCC1_TapBlkL | L16: INT32 | M16: false | N16: false | R16: null | S16: 1 | T16: 40 | U16: 1 | X16: 1 | Y16: 0 | AA16: 0 | AF16: 0 | AG16: 0 | AH16: 0 | AI16: ATCC | AJ16: ATCC1.TapBlkL | AK16: ING | AL16: setVal | AM16: INT32 | AO16: SG | AP16: =CONCATENATE( AJ16, ".", AL16) -> ATCC1.TapBlkL.setVal | AQ16: M | AR16: 0 | AS16: 0 | AT16: 0 | AU16: 0 | AV16: =BIN2DEC(CONCATENATE(0,0,0,0,AR16,AS16,AT16,AU16)) -> 0 | BG16: =CONCATENATE("description: """,F16,"""", ", ", "note: """,E16,"""",", ","group: """, B16, """",", ","minValue: ", S16,", ","maxValue: ", T16,", ","step: ", U16,", ","units: """, R16, """",", ","defaultValue: ", X16,", ","eventRegistration: ", Y16,) -> description: "БлкНижнN", note: "Положение привода, далее которого блокируются автоматические команды убавить", group: "setting", minValue: 1, maxValue: 40, step: 1, units: "null", defaultValue: 1, eventRegistration: 0

Sheet TechInfo
A2: Parameter | B2: Value
A3: RussianName | B3: АРНТ
A4: WeightCoefficient | B4: 40
A5: IsCoded | B5: false
A6: IEC61850Name | B6: _TTCC4
A7: FbVersion | B7: 2
A8: DescriptionFB | B8: Автоматика регулирования напряжения трансформатора
A9: DescriptionFuncList
A10: АРН | B10: Автоматика регулирования напряжения
A11: Привод РПН | B11: Привод РПН
A12: DescriptionFuncList
